{"reported\/day":{"10":66.2857142857,"11":631.5714285714,"12":2596.8571428571,"13":7541.1428571429,"14":14551.8571428571,"15":21763.4285714286,"16":29204.7142857143,"17":35417.7142857143,"18":39094.7142857143,"19":41488.5714285714,"20":43198.1428571429,"21":44445.0,"22":45709.1428571429,"23":46756.0,"24":48031.4285714286,"25":49058.5714285714,"26":49690.7142857143,"27":50209.4285714286,"28":50629.7142857143,"29":51266.7142857143,"30":52345.4285714286,"31":53984.8571428571,"32":56930.4285714286,"33":61160.7142857143,"34":64989.1428571429,"35":68567.2857142857,"36":72516.0,"37":78710.5714285714,"38":88302.2857142857,"39":103406.8571428571,"40":124627.4285714286,"41":156514.5714285714,"42":204326.4285714286},"hospitalised\/day":{"10":11.0,"11":88.7142857143,"12":535.2857142857,"13":2171.4285714286,"14":5530.0,"15":7822.0,"16":9170.5714285714,"17":10047.1428571429,"18":10685.0,"19":11103.7142857143,"20":11398.0,"21":11584.4285714286,"22":11663.0,"23":11722.1428571429,"24":11766.1428571429,"25":11800.8571428571,"26":11826.7142857143,"27":11846.1428571429,"28":11857.8571428571,"29":11879.5714285714,"30":11895.5714285714,"31":11920.7142857143,"32":11959.0,"33":12006.4285714286,"34":12068.8571428571,"35":12144.0,"36":12190.5714285714,"37":12244.7142857143,"38":12345.2857142857,"39":12522.2857142857,"40":12778.4285714286,"41":13125.1428571429,"42":13614.4285714286},"deceased\/day":{"10":0.4285714286,"11":6.7142857143,"12":86.2857142857,"13":453.1428571429,"14":1293.8571428571,"15":2315.1428571429,"16":3236.5714285714,"17":4110.4285714286,"18":4751.4285714286,"19":5245.7142857143,"20":5554.8571428571,"21":5738.1428571429,"22":5868.8571428571,"23":5956.7142857143,"24":6014.2857142857,"25":6050.8571428571,"26":6072.8571428571,"27":6091.7142857143,"28":6109.8571428571,"29":6129.1428571429,"30":6137.1428571429,"31":6145.2857142857,"32":6153.1428571429,"33":6164.2857142857,"34":6185.8571428571,"35":6212.1428571429,"36":6233.4285714286,"37":6248.7142857143,"38":6266.5714285714,"39":6321.1428571429,"40":6418.0,"41":6524.5714285714,"42":6681.4285714286}}